{
    "name": "ds_dest_blob",
    "properties": {
        "linkedServiceName": {
            "referenceName": "ls_BlobStorage1",
            "type": "LinkedServiceReference"
        },
        "annotations": [],
        "type": "Binary",
        "typeProperties": {
            "location": {
                "type": "AzureBlobStorageLocation",
                "fileName": "test.xlsx",
                "folderPath": "Output",
                "container": "inputcontainer"
            }
        }
    },
    "type": "Microsoft.DataFactory/factories/datasets"
}