{
    "now": "2024-06-29T17:14:26.532Z",
    "perfNow": 120629.09999990463,
    "diagnosticCorrelation": "ed2742f6-26e8-4c76-9ac9-5394f22ad264",
    "source": "DownloadSupportFiles",
    "environment": {
        "productName": "adf",
        "buildVersion": "1.0.061024.3",
        "environmentType": 3,
        "resourceName": "COE-DE-DF",
        "resourceRegion": "southeastasia",
        "resourceGroup": "COE",
        "subscriptionId": "fbf69640-cc5e-44b7-8568-908cc461fa74",
        "sessionId": "yPQwhgrjBwuvWfppLX3jMB",
        "operationId": "",
        "gitType": "live",
        "loggingKey": "2c774ff1-18b7-4564-b6ef-29959ea49b48"
    },
    "additionalInfo": {
        "selectedResource": "ds_source_sftp",
        "selectedResourceType": "dataset"
    }
}