{
    "name": "ScheduleTrigger",
    "properties": {
        "annotations": [],
        "runtimeState": "Started",
        "pipelines": [
            {
                "pipelineReference": {
                    "referenceName": "pipeline1",
                    "type": "PipelineReference"
                }
            }
        ],
        "type": "ScheduleTrigger",
        "typeProperties": {
            "recurrence": {
                "frequency": "Month",
                "interval": 1,
                "startTime": "2024-06-29T07:16:00",
                "endTime": "2024-07-01T07:16:00",
                "timeZone": "India Standard Time",
                "schedule": {
                    "hours": [
                        10
                    ],
                    "monthDays": [
                        28
                    ]
                }
            }
        }
    }
}