{
    "now": "2024-06-29T17:13:42.225Z",
    "perfNow": 76319,
    "diagnosticCorrelation": "362ff0dd-e42d-495a-b3c7-94a18759a3d4",
    "source": "DownloadSupportFiles",
    "environment": {
        "productName": "adf",
        "buildVersion": "1.0.061024.3",
        "environmentType": 3,
        "resourceName": "COE-DE-DF",
        "resourceRegion": "southeastasia",
        "resourceGroup": "COE",
        "subscriptionId": "fbf69640-cc5e-44b7-8568-908cc461fa74",
        "sessionId": "yPQwhgrjBwuvWfppLX3jMB",
        "operationId": "",
        "gitType": "live",
        "loggingKey": "2c774ff1-18b7-4564-b6ef-29959ea49b48"
    },
    "additionalInfo": {
        "selectedResource": "pipeline1",
        "selectedResourceType": "pipeline"
    }
}