{
    "now": "2024-06-29T17:14:21.833Z",
    "perfNow": 115926.79999995232,
    "diagnosticCorrelation": "397e5c1a-a757-447d-8552-5430f8e1a466",
    "source": "DownloadSupportFiles",
    "environment": {
        "productName": "adf",
        "buildVersion": "1.0.061024.3",
        "environmentType": 3,
        "resourceName": "COE-DE-DF",
        "resourceRegion": "southeastasia",
        "resourceGroup": "COE",
        "subscriptionId": "fbf69640-cc5e-44b7-8568-908cc461fa74",
        "sessionId": "yPQwhgrjBwuvWfppLX3jMB",
        "operationId": "",
        "gitType": "live",
        "loggingKey": "2c774ff1-18b7-4564-b6ef-29959ea49b48"
    },
    "additionalInfo": {
        "selectedResource": "ds_dest_blob",
        "selectedResourceType": "dataset"
    }
}